Workbook

Sheet Overview
A1: Chobbot media plan · v0.1 (mockup)
A2: Read top to bottom, then work through the section tabs. Counts below update from the tabs.
A4: Sections
A5: Section | B5: Tab | C5: What it is | D5: Versions | E5: Films | F5: Scripts approved | G5: Music approved | H5: Rendered (approved)
A6: 1 · Streamer Stories | B6: 1 Streamer Stories | C6: Real Reddit stories → script → music → video. One art style per episode. | D6: MV only | E6: =COUNTA('1 Streamer Stories'!A6:A13) -> 8 | F6: =COUNTIF('1 Streamer Stories'!M6:M13,"Approved") -> 1 | G6: =COUNTIF('1 Streamer Stories'!N6:N13,"Approved") -> 1 | H6: =COUNTIF('1 Streamer Stories'!Q6:Q13,"Approved") -> 0
A7: 2 · Brand · Generic | B7: 2 Brand · Generic | C7: One pain → need → function per film. | D7: A majestic technical · B music video | E7: =COUNTA('2 Brand · Generic'!A5:A20) -> 16 | F7: =COUNTIF('2 Brand · Generic'!O5:O20,"Approved") -> 0 | G7: =COUNTIF('2 Brand · Generic'!P5:P20,"Approved") -> 0 | H7: =COUNTIF('2 Brand · Generic'!S5:S20,"Approved") -> 0
A8: 3 · Brand · Master | B8: 3 Brand · Master | C8: The whole ecosystem in one film. | D8: A majestic technical · B music video | E8: =COUNTA('3 Brand · Master'!A5:A6) -> 2 | F8: =COUNTIF('3 Brand · Master'!H5:H6,"Approved") -> 0 | G8: =COUNTIF('3 Brand · Master'!I5:I6,"Approved") -> 0 | H8: =COUNTIF('3 Brand · Master'!L5:L6,"Approved") -> 0
A10: Work order (every film)
A11: 1 Brief | C11: Nothing is built before its script is approved and its audio exists.
A12: 2 Script
A13: 3 Music (written to the approved script)
A14: 4 Audio analysis
A15: 5 Style frames
A16: 6 Assets
A17: 7 Animatic
A18: 8 Build & render
A21: Legend
A22: Yellow cells | C22: You fill these in (titles, links, dates, owners, notes).
A23: Grey italic row | C23: Example row showing the expected format. Delete it when you start.
A25: Status values (dropdown in every status column)
A26: Not started
A27: In progress
A28: Review
A29: Approved
A30: Blocked
A31: N/A
A34: Open items
A35: ☐ Real product feature list (replaces every “(confirm)” in tab 2)
A36: ☐ Brand tokens: colours, fonts, logo SVG (from the web design)
A37: ☐ Pain-point ranking: goignon report + 10 streamer interviews (docs/USE_CASES.md §7)
A38: ☐ Story Fisher: 12 stories shortlisted in n8n; pick the first 3 for tab 1
... A43: ☐ All statistics on screen verified at the primary source

Sheet 1 Streamer Stories
A1: Section 1 · Streamer Stories (music videos)
A2: Method: Reddit story → script → music → video. Stories come from the n8n Story Fisher (table reddit_streamer_stories, status = new). One art style per episode; the companion only as a cameo.
A4: ID | B4: Working title | C4: Story source (Reddit link) | D4: Logline (facts only) | E4: Emotion | F4: Pain #s | G4: Persona | H4: Style deck (home → switches) | I4: Song genre / tempo | J4: Format | K4: Length | L4: Rights / permission | M4: Script | N4: Music | O4: Assets | P4: Animatic | Q4: Build & render | R4: Publish date | S4: Platforms | T4: Owner | U4: Notes
A5: ST-EX | B5: EXAMPLE · “The lurker who said hi” (delete this row) | C5: https://www.reddit.com/r/Twitch/comments/xxxxxx/ | D5: After 40 streams with no chat, a lurker types hi on the day the streamer planned to quit. | E5: wholesome | F5: 1, 8, 16 | G5: Starter | H5: Pixel art → Papercut · Neon line · Constellations | I5: Lo-fi into a hard drop, 128 BPM | J5: 9:16 + 16:9 | K5: 45 s | L5: Asked author 2026-10-05, waiting | M5: In progress | N5: Not started | O5: Not started | P5: Not started | Q5: Not started | S5: TikTok, Shorts, Reels | U5: Example of the expected format
A6: ST-01 | B6: The train ride (first film, level 6) | C6: https://www.reddit.com/r/Twitch/comments/1pujw7y/ | D6: Christmas IRL tour, 3 viewers at peak; one viewer, who had never been on a train, watches the city turn to farmland until the signal drops and calls it an amazing stream. | E6: wholesome | F6: 8, 15 | G6: Starter | H6: Pixel art → Neon line · Halftone | I6: Catchy upbeat indie pop, 123 BPM | J6: 9:16 + 16:9 | K6: ≈61 s (58.3 s song + end card) | L6: Anonymised retelling; permission DM drafted (in the script) | M6: Approved | N6: Approved | O6: Approved | P6: In progress | Q6: Not started | S6: TikTok, Shorts, Reels | U6: Script: docs/scripts/ST-01_train-ride.md · 2026-10-04: song approved (master song_with_intro.wav); script v0.7 retimed. Next: style frames. · 2026-10-04: style frames approved (13 scenes, no on-screen people, the phone is the protagonist); quality band 6–10. Animatic rendering.
A7: ST-02 | B7: The raid from the hero (level 6) | C7: https://www.reddit.com/r/Twitch/comments/1jjlhk4/ | D7: Found a cowboy-hat speedrunner on YouTube in 2020, started streaming retro games; while playing Ninja Gaiden with 4 viewers, got raided by that same speedrunner. | E7: triumphant | F7: 15 | G7: Starter | H7: Voxel diorama → CRT/VHS · LED dot-matrix · Kinetic type · Stained glass | I7: Chiptune pop-punk, 140 BPM | J7: 9:16 + 16:9 | K7: 55 s | L7: Anonymised; never name the speedrunner; ask the author | M7: Not started | N7: Not started | O7: Not started | P7: Not started | Q7: Not started | S7: TikTok, Shorts, Reels | U7: Storyline + Suno prompt in tab Story & Song
A8: ST-03 | H8: Engraving → Blueprint · Thermal · Terminal/ASCII | J8: 9:16 + 16:9 | K8: 50–60 s | M8: Not started | N8: Not started | O8: Not started | P8: Not started | Q8: Not started | U8: Pick from the Story Fisher shortlist
A9: ST-04 | H9: Pixel art → CRT/VHS · Oscilloscope · Halftone | J9: 9:16 + 16:9 | K9: 50–60 s | M9: Not started | N9: Not started | O9: Not started | P9: Not started | Q9: Not started | U9: Pick from the Story Fisher shortlist
A10: ST-05 | H10: Papercut → Stained glass · Neon line · Constellations | J10: 9:16 + 16:9 | K10: 50–60 s | M10: Not started | N10: Not started | O10: Not started | P10: Not started | Q10: Not started | U10: Pick from the Story Fisher shortlist
A11: ST-06 | H11: Voxel diorama → Pixel art · Glitch · Kinetic type | J11: 9:16 + 16:9 | K11: 50–60 s | M11: Not started | N11: Not started | O11: Not started | P11: Not started | Q11: Not started | U11: Pick from the Story Fisher shortlist
A12: ST-07 | H12: Neon line → LED dot-matrix · Halftone · Particles | J12: 9:16 + 16:9 | K12: 50–60 s | M12: Not started | N12: Not started | O12: Not started | P12: Not started | Q12: Not started | U12: Pick from the Story Fisher shortlist
A13: ST-08 | H13: Halftone → Papercut · Blueprint · CRT/VHS | J13: 9:16 + 16:9 | K13: 50–60 s | M13: Not started | N13: Not started | O13: Not started | P13: Not started | Q13: Not started | U13: Pick from the Story Fisher shortlist

Sheet 2 Brand · Generic
A1: Section 2 · Brand · Generic (pain → need → function)
A2: One use case per film. Every film has an A version (majestic, technical, score + statements) and a B version (music video with a song). Functions marked (confirm) are assumptions until the product list arrives.
A4: ID | B4: Version | C4: Use case | D4: Persona | E4: Pain # | F4: The pain (their words) | G4: The need | H4: Function shown | I4: Product layer | J4: Direction / look | K4: One message | L4: Proof needed | M4: Format | N4: Length | O4: Script | P4: Music | Q4: Assets | R4: Animatic | S4: Build & render | T4: Publish date | U4: Owner | V4: Notes
A5: GN-U1A | B5: A | C5: “Hi?” → “Welcome back, Sam!” | D5: Starter | E5: 3 | F5: “Someone said hi and I didn’t see it.” | G5: Never miss a newcomer | H5: Greets first-time chatters, flags them to the streamer (confirm) | I5: Live (free) | J5: A · Majestic technical: instrumental score, slow precise camera, exploded system view, one light (the companion). Deck: raymarched + blueprint → constellations · data/UI · engraving | L5: Returning-newcomer count | M5: 9:16 first, 16:9 | N5: 50–60 s | O5: Not started | P5: Not started | Q5: Not started | R5: Not started | S5: Not started
A6: GN-U1B | B6: B | C6: “Hi?” → “Welcome back, Sam!” | D6: Starter | E6: 3 | F6: “Someone said hi and I didn’t see it.” | G6: Never miss a newcomer | H6: Greets first-time chatters, flags them to the streamer (confirm) | I6: Live (free) | J6: B · Music video: song written from the script, pixel/voxel streamer room, kinetic word-synced lyrics. Deck: pixel or voxel → CRT · halftone · kinetic type · neon line | L6: Returning-newcomer count | M6: 9:16 first, 16:9 | N6: 50–60 s | O6: Not started | P6: Not started | Q6: Not started | R6: Not started | S6: Not started
A7: GN-U2A | B7: A | C7: The 40th “what rank are you?” | D7: Grinder | E7: 4 | F7: “Chat asks the same question 40 times.” | G7: Answers without stopping play | H7: Answers FAQs in the streamer’s tone (confirm) | I7: Live (free) | J7: A · Majestic technical: instrumental score, slow precise camera, exploded system view, one light (the companion). Deck: raymarched + blueprint → constellations · data/UI · engraving | L7: Questions answered by the bot | M7: 9:16 first, 16:9 | N7: 50–60 s | O7: Not started | P7: Not started | Q7: Not started | R7: Not started | S7: Not started
A8: GN-U2B | B8: B | C8: The 40th “what rank are you?” | D8: Grinder | E8: 4 | F8: “Chat asks the same question 40 times.” | G8: Answers without stopping play | H8: Answers FAQs in the streamer’s tone (confirm) | I8: Live (free) | J8: B · Music video: song written from the script, pixel/voxel streamer room, kinetic word-synced lyrics. Deck: pixel or voxel → CRT · halftone · kinetic type · neon line | L8: Questions answered by the bot | M8: 9:16 first, 16:9 | N8: 50–60 s | O8: Not started | P8: Not started | Q8: Not started | R8: Not started | S8: Not started
A9: GN-U3A | B9: A | C9: Raid at 2 AM | D9: Grinder, Juggler | E9: 6 | F9: “Spam and hate raids hit when I’m alone.” | G9: Protection when no mod is online | H9: Filters spam, calm raid handling, logs for mods (confirm) | I9: Live (free) | J9: A · Majestic technical: instrumental score, slow precise camera, exploded system view, one light (the companion). Deck: raymarched + blueprint → constellations · data/UI · engraving | L9: Messages blocked, time to calm | M9: 9:16 first, 16:9 | N9: 50–60 s | O9: Not started | P9: Not started | Q9: Not started | R9: Not started | S9: Not started
A10: GN-U3B | B10: B | C10: Raid at 2 AM | D10: Grinder, Juggler | E10: 6 | F10: “Spam and hate raids hit when I’m alone.” | G10: Protection when no mod is online | H10: Filters spam, calm raid handling, logs for mods (confirm) | I10: Live (free) | J10: B · Music video: song written from the script, pixel/voxel streamer room, kinetic word-synced lyrics. Deck: pixel or voxel → CRT · halftone · kinetic type · neon line | L10: Messages blocked, time to calm | M10: 9:16 first, 16:9 | N10: 50–60 s | O10: Not started | P10: Not started | Q10: Not started | R10: Not started | S10: Not started
A11: GN-U4A | B11: A | C11: The 1:12 mystery | D11: Grinder | E11: 9 | F11: “Why did everyone leave at 1:12?” | G11: See the cause | H11: Retention report aligned with chat and stream (confirm) | I11: Insights (sub) | J11: A · Majestic technical: instrumental score, slow precise camera, exploded system view, one light (the companion). Deck: raymarched + blueprint → constellations · data/UI · engraving | L11: The aligned graph | M11: 9:16 first, 16:9 | N11: 50–60 s | O11: Not started | P11: Not started | Q11: Not started | R11: Not started | S11: Not started
A12: GN-U4B | B12: B | C12: The 1:12 mystery | D12: Grinder | E12: 9 | F12: “Why did everyone leave at 1:12?” | G12: See the cause | H12: Retention report aligned with chat and stream (confirm) | I12: Insights (sub) | J12: B · Music video: song written from the script, pixel/voxel streamer room, kinetic word-synced lyrics. Deck: pixel or voxel → CRT · halftone · kinetic type · neon line | L12: The aligned graph | M12: 9:16 first, 16:9 | N12: 50–60 s | O12: Not started | P12: Not started | Q12: Not started | R12: Not started | S12: Not started
A13: GN-U5A | B13: A | C13: 4 hours → 4 clips | D13: Part-timer | E13: 10 | F13: “I’d have to rewatch 4 hours of VOD.” | G13: Best moments found for me | H13: Highlights from chat spikes (confirm) | I13: Insights (sub) | J13: A · Majestic technical: instrumental score, slow precise camera, exploded system view, one light (the companion). Deck: raymarched + blueprint → constellations · data/UI · engraving | L13: Minutes saved | M13: 9:16 first, 16:9 | N13: 50–60 s | O13: Not started | P13: Not started | Q13: Not started | R13: Not started | S13: Not started
A14: GN-U5B | B14: B | C14: 4 hours → 4 clips | D14: Part-timer | E14: 10 | F14: “I’d have to rewatch 4 hours of VOD.” | G14: Best moments found for me | H14: Highlights from chat spikes (confirm) | I14: Insights (sub) | J14: B · Music video: song written from the script, pixel/voxel streamer room, kinetic word-synced lyrics. Deck: pixel or voxel → CRT · halftone · kinetic type · neon line | L14: Minutes saved | M14: 9:16 first, 16:9 | N14: 50–60 s | O14: Not started | P14: Not started | Q14: Not started | R14: Not started | S14: Not started
A15: GN-U6A | B15: A | C15: “What should I change?” | D15: Grinder, Pro | E15: 12 | F15: “Analytics pages are just numbers.” | G15: Answers, not charts | H15: Ask the analyst bot | I15: Insights (sub) | J15: A · Majestic technical: instrumental score, slow precise camera, exploded system view, one light (the companion). Deck: raymarched + blueprint → constellations · data/UI · engraving | L15: Next week vs this week | M15: 9:16 first, 16:9 | N15: 50–60 s | O15: Not started | P15: Not started | Q15: Not started | R15: Not started | S15: Not started
A16: GN-U6B | B16: B | C16: “What should I change?” | D16: Grinder, Pro | E16: 12 | F16: “Analytics pages are just numbers.” | G16: Answers, not charts | H16: Ask the analyst bot | I16: Insights (sub) | J16: B · Music video: song written from the script, pixel/voxel streamer room, kinetic word-synced lyrics. Deck: pixel or voxel → CRT · halftone · kinetic type · neon line | L16: Next week vs this week | M16: 9:16 first, 16:9 | N16: 50–60 s | O16: Not started | P16: Not started | Q16: Not started | R16: Not started | S16: Not started
... A20: GN-U8B | B20: B | C20: Friday sponsor report | D20: Pro, Juggler | E20: 13 | F20: “A sponsor wants a report by Friday.” | G20: A report I can send | H20: Shareable report (confirm) | I20: Insights (sub) | J20: B · Music video: song written from the script, pixel/voxel streamer room, kinetic word-synced lyrics. Deck: pixel or voxel → CRT · halftone · kinetic type · neon line | L20: Time from request to sent | M20: 9:16 first, 16:9 | N20: 50–60 s | O20: Not started | P20: Not started | Q20: Not started | R20: Not started | S20: Not started

Sheet 3 Brand · Master
A1: Section 3 · Brand · Master (one film, two versions)
A2: The whole ecosystem in one film: the companion is born (Live), remembers (Insights), grows (Companion). Built last, from the assets of sections 1 and 2. Waits for the final design and the product-structure decision.
A4: ID | B4: Version | C4: Direction / look | D4: Sound | E4: Length | F4: Format | G4: Quality level | H4: Script | I4: Music | J4: Assets | K4: Animatic | L4: Build & render | M4: Publish date | N4: Owner | O4: Notes
A5: MA-A | B5: A | C5: Majestic technical: a new era, a second brain for every creator; scale from one desk to a planet of lit windows | D5: Instrumental score + statements / voice-over | E5: 60–90 s | F5: 16:9 hero + 9:16 cut | G5: Level 7–8 (depth) | H5: Not started | I5: Not started | J5: Not started | K5: Not started | L5: Not started | O5: Five movements below
A6: MA-B | B6: B | C6: Music video: one streamer, one companion, months of streams; the song carries the story | D6: Song (lyrics from the script) | E6: 60–90 s | F6: 16:9 hero + 9:16 cut | G6: Level 6–8 (mixed) | H6: Not started | I6: Not started | J6: Not started | K6: Not started | L6: Not started | O6: Same beats, different sound and pace
A8: Movement breakdown (draft for discussion)
A9: # | B9: Movement | C9: Picture | D9: A · statement (draft) | E9: B · lyric idea | F9: Pain / layer shown | G9: Key assets | H9: Status | I9: Notes
A10: 1 | B10: Alone | C10: One streamer, one screen in the dark; pull back through the window to a city, then a planet of lit windows | D10: “Every night, millions create alone.” | E10: The empty chat, the quiet room | F10: Pains 1, 8 | G10: Streamer room, planet of windows | H10: Not started
A11: 2 | B11: The spark | C11: One window turns warm: the companion is born, free and open | D11: “Until now.” | E11: Hook: the first hello | F11: Live (free) | G11: Companion stage 1 | H11: Not started
A12: 3 | B12: The architecture | C12: Flythrough of the system: live chat → stream data → reports → memory | D12: “It listens. It learns. It remembers.” | E12: Verse: what it does for you | F12: Insights | G12: Exploded system view, UI stand-ins | H12: Not started
A13: 4 | B13: The second brain | C13: The memory ring grows into a constellation around the streamer | D13: “Not a tool. A second brain.” | E13: Bridge: it remembers your people | F13: Companion (merged) | G13: Companion stages 2–3, constellation | H13: Not started
A14: 5 | B14: A new era | C14: Window after window lights warm; the logo | D14: “A companion for every creator.” | E14: Final chorus + sonic logo | F14: All | G14: End card, sonic logo | H14: Not started

Sheet Story & Song
A1: Story & Song · storyline, Suno prompt and lyrics per film
A2: Paste 'Suno · Style' into Style of Music, 'Suno · Exclude' into Exclude, 'Lyrics' into Lyrics (Custom mode, v5.5, Duration slider = Length). Every film is at least 45 s. Guide: docs/SUNO_GUIDE.md
A4: ID | B4: Title | C4: Version | D4: Length | E4: BPM | F4: Storyline (what the viewer sees) | G4: Suno · Style | H4: Suno · Exclude | I4: Lyrics (with Suno tags) / statements | J4: Song status | K4: Notes
A5: ST-01 | B5: The train ride | C5: MV | D5: 58.3 s song (≈61 s film) | E5: 123 | F5: 0:00–0:03 “Based on a true story” over a slow push into the pixel city at dusk (out on the beat). A desk-bound game streamer takes the stream on a Christmas tour of their city: market lights, a castle, a lit carousel. Viewer counter climbs to 3. At the station they are about to end the stream; chat: 'wait, I've never been on a train'. Hero shot: through the window the city falls away into open farmland, fast. The signal bars drop, freeze, black. The chat fills the frame: 'thanks for being so chill. amazing stream'. Halftone burst: 3 VIEWERS. ENOUGH. Pull back over the fields and the globe to one lit window on the other side of the world; a small spark by the message (companion cameo). Line: They kept streaming IRL. End card + credit: Story shared by a streamer on Reddit. | G5: catchy upbeat indie pop, warm and hopeful, glockenspiel hook from the first second, train-rhythm drums with handclaps, bright felt piano, clear warm vocal up front, singalong chorus, crisp modern production, 120 BPM | H5: heavy reverb, autotune, rap verses, spoken word intro, long instrumental intro | I5: [Intro: 2 bars, glockenspiel hook, train-rhythm drums] [Verse: soft vocal] Took the stream out for Christmas in town Market lights, a castle, a carousel Three people watching, that's my crowd Talking to the street out loud Train to catch, I'll say goodbye "Wait, I've never been on a train" [Pre-Chorus: rising] "Can you keep it on?" [Break] [Chorus: catchy singalong, full drums, glockenspiel hook] Keep it on, keep it on, till the signal's gone You watched the city turn to fields Your first train, it moved so fast Keep it on, keep it on, till the signal's gone Said it was amazing, from the other side of the world [Outro: soft, glockenspiel hook returns] Like showing a visitor my town I saw it like a tourist too That's why it's worth it [End] | J5: Approved | K5: Song approved 2026-10-04: Suno take + 2-bar intro spliced from its own hook; lines 9–10 sung slightly differently, subtitles show the written lyric. APPROVED. v0.6 catchier (hook from second 0, repeated chorus line from the story). v0.5 (full picture: comments + later posts checked). v0.4: every line checked against the full post. Script: docs/scripts/ST-01_train-ride.md
A6: ST-02 | B6: The raid from the hero | C6: MV | D6: 55 s | E6: 140 | F6: 0:00–0:03 “Based on a true story” over the voxel room in the dark (out on the beat). Then: Voxel diorama: 2020, a YouTube video on an old monitor shows a speedrunner in a cowboy hat (voxel, no face). The viewer makes a Twitch account that night and starts streaming retro games. CRT look: Ninja Gaiden-style pixel action, chasing a personal best, counter at 4 viewers. LED dot-matrix alert: RAID · 450. It is the same speedrunner. The chat floods (kinetic type), stained-glass burst on the chorus, voxel room fills with lights. End card + credit: Story shared by a streamer on Reddit. | G6: chiptune pop-punk, triumphant and fast, 8-bit synth leads with live drums and driving bass, bright clear vocal, punchy modern production, 140 BPM | H6: heavy reverb, autotune, rap verses, spoken word intro, long instrumental intro | I6: [Intro: 2 bars, instrumental, 8-bit lead] [Verse] Twenty-twenty, found a video Cowboy hat and a speedrun Made an account that very night Started streaming the old games [Pre-Chorus: building] Four people watching, chasing my best [Break] [Chorus: full band, shout-along] Then the raid came in, it was him Four hundred fifty people in The one who started all of this Look who's watching now [Outro] Look who's watching now [End] | J6: Not started | K6: Full picture checked (75 comments): arc complete, no follow-ups; raid was 450 viewers while chasing a PB with 4. Never name the speedrunner. Not yet approved.
A7: ST-03 | B7: (pick from the Story Fisher shortlist) | C7: MV | D7: 50–60 s | F7: Opens with “Based on a true story” (1.5 bars, 2.5–3 s, over the first shot). Rest written after the story is chosen. | H7: heavy reverb, autotune, rap verses, spoken word intro, long instrumental intro | I7: [Intro: 2 bars, instrumental] … | J7: Not started | K7: Written after the story is chosen
A8: ST-04 | B8: (pick from the Story Fisher shortlist) | C8: MV | D8: 50–60 s | F8: Opens with “Based on a true story” (1.5 bars, 2.5–3 s, over the first shot). Rest written after the story is chosen. | H8: heavy reverb, autotune, rap verses, spoken word intro, long instrumental intro | I8: [Intro: 2 bars, instrumental] … | J8: Not started | K8: Written after the story is chosen
A9: ST-05 | B9: (pick from the Story Fisher shortlist) | C9: MV | D9: 50–60 s | F9: Opens with “Based on a true story” (1.5 bars, 2.5–3 s, over the first shot). Rest written after the story is chosen. | H9: heavy reverb, autotune, rap verses, spoken word intro, long instrumental intro | I9: [Intro: 2 bars, instrumental] … | J9: Not started | K9: Written after the story is chosen
A10: ST-06 | B10: (pick from the Story Fisher shortlist) | C10: MV | D10: 50–60 s | F10: Opens with “Based on a true story” (1.5 bars, 2.5–3 s, over the first shot). Rest written after the story is chosen. | H10: heavy reverb, autotune, rap verses, spoken word intro, long instrumental intro | I10: [Intro: 2 bars, instrumental] … | J10: Not started | K10: Written after the story is chosen
A11: ST-07 | B11: (pick from the Story Fisher shortlist) | C11: MV | D11: 50–60 s | F11: Opens with “Based on a true story” (1.5 bars, 2.5–3 s, over the first shot). Rest written after the story is chosen. | H11: heavy reverb, autotune, rap verses, spoken word intro, long instrumental intro | I11: [Intro: 2 bars, instrumental] … | J11: Not started | K11: Written after the story is chosen
A12: ST-08 | B12: (pick from the Story Fisher shortlist) | C12: MV | D12: 50–60 s | F12: Opens with “Based on a true story” (1.5 bars, 2.5–3 s, over the first shot). Rest written after the story is chosen. | H12: heavy reverb, autotune, rap verses, spoken word intro, long instrumental intro | I12: [Intro: 2 bars, instrumental] … | J12: Not started | K12: Written after the story is chosen
A13: GN-U1A | B13: “Hi?” → “Welcome back, Sam!” | C13: A · majestic technical (instrumental) | D13: 50–60 s | F13: A single 'hi' as a point of light drifting into a vast dark space of chat; it fades, unseen. The companion's spark rises, catches it, and the reply lights a path. More hellos arrive; each is caught. They form a constellation of welcomed names. | G13: cinematic orchestral electronic, majestic and hopeful, felt piano motif, warm strings, deep sub swells, pristine production, 90 BPM | H13: vocals, choir words, EDM drop, dubstep, long fade-out | I13: Instrumental ON. Lyrics field (structure only): [Intro: solo motif] [Build: layers enter] [Swell] [Climax: full] [Outro: motif returns] [End] On-screen statements (not sung): Every hello matters. Most go unanswered. Not anymore. Chobbot greets every first-time chatter. (confirm) | J13: Not started | K13: Statements shown as text, timed to the swells
A14: GN-U1B | B14: “Hi?” → “Welcome back, Sam!” | C14: B · music video (song) | D14: 50–60 s | F14: Pixel streamer mid boss fight. A new name types 'hi'; it scrolls away unseen, a timer counts 0:01…0:40, the name leaves. Rewind on the break: same moment with the companion. The spark answers 'hey Sam, first time? welcome in' and flags the streamer, who waves. A week later Sam types 'back again'; the bot: 'welcome back, Sam'. | G14: upbeat synth-pop, playful and bright, plucky synths and handclaps, punchy drums, clear bright vocal, clean modern production, 124 BPM | H14: heavy reverb, autotune, rap verses, spoken word intro, long instrumental intro | I14: [Intro: plucky synth] [Verse] Boss fight, eyes on the screen Someone typed hi in between Scrolled away, nobody saw Forty seconds, then they're gone [Pre-Chorus: half-spoken] What if someone said hi back [Break] [Chorus: full] Hey, welcome in, first time here? Somebody answered, loud and clear Nobody slips through the chat A week later, Sam comes back [Outro] Welcome back [End] | J14: Not started | K14: Lyrics appear as on-screen text; nobody sings on screen
A15: GN-U2A | B15: The 40th “what rank are you?” | C15: A · majestic technical (instrumental) | D15: 50–60 s | F15: Identical questions fall as glyphs and form a storm. The companion turns the storm into one ordered column of answers, and the space goes quiet and clear around a single focused point of play. | G15: cinematic minimal electronic, focused and precise, pulsing arpeggio, glassy pads, ticking percussion, clean build, 100 BPM | H15: vocals, choir words, EDM drop, dubstep, long fade-out | I15: Instrumental ON. Lyrics field (structure only): [Intro: solo motif] [Build: layers enter] [Swell] [Climax: full] [Outro: motif returns] [End] On-screen statements (not sung): The same question. Forty times. Answered once. Remembered. Your focus stays on the game. (confirm) | J15: Not started | K15: Statements shown as text, timed to the swells
A16: GN-U2B | B16: The 40th “what rank are you?” | C16: B · music video (song) | D16: 50–60 s | F16: The same question pours in as pixel cards that stack up on the desk. The streamer turns to answer and dies in game. Rewind: the companion answers each card instantly; the cards fold into one neat FAQ stack; the streamer clutches the round. | G16: funky electro-pop, cheeky and energetic, slap bass and chopped synth hooks, crisp drums, bright clear vocal, tight production, 118 BPM | H16: heavy reverb, autotune, rap verses, spoken word intro, long instrumental intro | I16: [Intro: slap bass] [Verse] What's your rank, what's your rig What's the song, what's your sens Fortieth time tonight Turn to answer, lose the fight [Pre-Chorus] Same question, again, again [Break] [Chorus: full] Let the bot take that one Answer once and it's done Eyes on the game, clutch the round Chat still heard, every sound [Outro] Clutch the round [End] | J16: Not started | K16: Lyrics appear as on-screen text; nobody sings on screen
A17: GN-U3A | B17: Raid at 2 AM | C17: A · majestic technical (instrumental) | D17: 50–60 s | F17: A storm of red particles crashes against a small sphere of light around a lone desk at night. The companion's shield lights up cell by cell; the storm breaks around it and passes. Dawn rises over a calm city. | G17: dark cinematic hybrid orchestral, tense then triumphant, low brass and taiko pulses, rising strings, resolves to bright major, 95 BPM | H17: vocals, choir words, EDM drop, dubstep, long fade-out | I17: Instrumental ON. Lyrics field (structure only): [Intro: solo motif] [Build: layers enter] [Swell] [Climax: full] [Outro: motif returns] [End] On-screen statements (not sung): Raids come at 2 AM. No mod online. Protection that stays on. (confirm) | J17: Not started | K17: Statements shown as text, timed to the swells
A18: GN-U3B | B18: Raid at 2 AM | C18: B · music video (song) | D18: 50–60 s | F18: Night stream, mods asleep. Red spam floods the chat; on every snare it cracks the monitor glass (glitch). The streamer freezes. Break. The companion's shield: the noise is filtered in a second and dissolves; calm returns; in the morning a clean log waits for the mods. | G18: dark synthwave turning bright, tense then relieved, distorted bass and gated snare, opening into warm major chords, clear vocal, 128 BPM | H18: heavy reverb, autotune, rap verses, spoken word intro, long instrumental intro | I18: [Intro: low pulse] [Verse: tense] Two a.m., the mods asleep Chat goes red, a hundred deep Same words, a hundred names Hands off the keys, I freeze [Pre-Chorus: whispered] Who's on watch at two a.m. [Break] [Chorus: bright, major] Filtered in a second flat Calm comes back into the chat Logged it all for the morning crew Stream goes on, we got you [Outro] Stream goes on [End] | J18: Not started | K18: Lyrics appear as on-screen text; nobody sings on screen
A19: GN-U4A | B19: The 1:12 mystery | C19: A · majestic technical (instrumental) | D19: 50–60 s | F19: The viewer curve as a vast terrain seen from above at night. The camera glides to a canyon at 1:12. A scanning light from the report sweeps the canyon and reveals what lies beneath: the moment that caused it. | G19: cinematic ambient electronic, investigative then awe, deep pads and pulsing low synth, piano motif, rising build, 85 BPM | H19: vocals, choir words, EDM drop, dubstep, long fade-out | I19: Instrumental ON. Lyrics field (structure only): [Intro: solo motif] [Build: layers enter] [Swell] [Climax: full] [Outro: motif returns] [End] On-screen statements (not sung): Numbers say what. Not why. Insights shows why. (confirm) Every drop, explained. | J19: Not started | K19: Statements shown as text, timed to the swells
A20: GN-U4B | B20: The 1:12 mystery | C20: B · music video (song) | D20: 50–60 s | F20: The viewer graph is a pixel mountain range; at 1:12 a cliff. The streamer stares, no idea why. The report overlays stream and chat on the graph: a nine-minute loading screen and a silent chat line up exactly with the drop. Next stream, the line holds. | G20: chill electronic pop, curious then confident, ticking hi-hats and warm bass, soft synth chords, clean bright vocal, 115 BPM | H20: heavy reverb, autotune, rap verses, spoken word intro, long instrumental intro | I20: [Intro: ticking hats] [Verse] One hour twelve, the line goes down Half the room just left the town Was it me, the game, the time Scrolling numbers, no reply [Pre-Chorus] What happened at one twelve [Break] [Chorus: full] Nine minutes of a loading screen Chat went quiet in between Now I see it, now I know Next stream, the line holds [Outro] Now I know [End] | J20: Not started | K20: Lyrics appear as on-screen text; nobody sings on screen
A21: GN-U5A | B21: 4 hours → 4 clips | C21: A · majestic technical (instrumental) | D21: 50–60 s | F21: A river of footage flows through the dark. Four bright points rise out of it, slowly, and hang in the air as a small constellation: the four moments that matter. | G21: cinematic neo-classical electronic, calm and grand, felt piano and cello, shimmering arpeggios, slow swell, 80 BPM | H21: vocals, choir words, EDM drop, dubstep, long fade-out | I21: Instrumental ON. Lyrics field (structure only): [Intro: solo motif] [Build: layers enter] [Swell] [Climax: full] [Outro: motif returns] [End] On-screen statements (not sung): Four hours of stream. Four moments that matter. Found while you rest. (confirm) | J21: Not started | K21: Statements shown as text, timed to the swells
A22: GN-U5B | B22: 4 hours → 4 clips | C22: B · music video (song) | D22: 50–60 s | F22: Midnight. The VOD timeline stretches like an endless road; the streamer scrubs, half asleep. The companion lifts four glowing moments out of the chat spikes; the clips are ready when the stream ends. Laptop closes. Sleep. | G22: dreamy bedroom pop, tired then relieved, lo-fi drums and warm Rhodes, soft clear vocal, gentle lift in the chorus, 110 BPM | H22: heavy reverb, autotune, rap verses, spoken word intro, long instrumental intro | I22: [Intro: warm Rhodes] [Verse: sleepy] Stream is over, midnight now Four hours of footage, scrub it down Where was the moment, where was the laugh Rewind, rewind, half asleep [Pre-Chorus] There's got to be a faster way [Break] [Chorus: lift] Chat spiked here, and here, and here Four best moments, already clear Clips are ready, go to sleep The best of tonight is yours to keep [Outro] Go to sleep [End] | J22: Not started | K22: Lyrics appear as on-screen text; nobody sings on screen
A23: GN-U6A | B23: “What should I change?” | C23: A · majestic technical (instrumental) | D23: 50–60 s | F23: An ocean of data points. A single question rises from the streamer as a beam of light; the data reorganises around it into three clear paths. | G23: cinematic electronic, majestic and clear, evolving pads and piano, tight pulse, big resolving chord, 92 BPM | H23: vocals, choir words, EDM drop, dubstep, long fade-out | I23: Instrumental ON. Lyrics field (structure only): [Intro: solo motif] [Build: layers enter] [Swell] [Climax: full] [Outro: motif returns] [End] On-screen statements (not sung): You have the data. Now ask it anything. Answers, not charts. | J23: Not started | K23: Statements shown as text, timed to the swells
A24: GN-U6B | B24: “What should I change?” | C24: B · music video (song) | D24: 50–60 s | F24: The streamer faces a wall of charts (data UI style); the numbers blur. They type a question to the analyst bot. Three plain answers appear as cards. Next week the graph climbs. | G24: upbeat indie electronic, curious then confident, bright synth plucks and tight drums, warm bass, clear vocal, 122 BPM | H24: heavy reverb, autotune, rap verses, spoken word intro, long instrumental intro | I24: [Intro: synth plucks] [Verse] Charts on charts, lines on lines Followers, minutes, peaks and times All these numbers, what do they mean Staring at a glowing screen [Pre-Chorus: spoken] So what should I change? [Break] [Chorus: full] Three things, plain and clear Start at eight, your people are here Shorter breaks, say hi by name Next week, it's not the same [Outro] Ask me anything [End] | J24: Not started | K24: Lyrics appear as on-screen text; nobody sings on screen
... A28: GN-U8B | B28: Friday sponsor report | C28: B · music video (song) | D28: 50–60 s | F28: Friday: an email, 'report by Friday?'. The streamer is buried in a voxel tower of spreadsheets. The companion builds one clean report card; send. Weekend lights come on. | G28: funky disco-pop, stressed then celebratory, four-on-the-floor and funky guitar, brass stabs, clear vocal, 120 BPM | H28: heavy reverb, autotune, rap verses, spoken word intro, long instrumental intro | I28: [Intro: funky guitar] [Verse] Email says by Friday, please Numbers from the last three weeks Spreadsheet cells, copy, paste Weekend going down the drain [Pre-Chorus] There goes Saturday [Break] [Chorus: full, brass] One report, ready to send Every number, start to end Hit send, it's Friday night Weekend's back, it's all right [Outro] Hit send [End] | J28: Not started | K28: Lyrics appear as on-screen text; nobody sings on screen
A29: MA-A | B29: Master · A new era | C29: A · majestic technical (instrumental) | D29: 75–90 s | E29: 90 | F29: 1 Alone: one streamer, one screen in the dark; pull back through the window to a city, then a planet of lit windows. 2 The spark: one window turns warm; the companion is born. 3 The architecture: flythrough of the system, live chat → stream data → reports → memory. 4 The second brain: the memory ring grows into a constellation around the streamer. 5 A new era: window after window lights warm; the logo. | G29: cinematic hybrid orchestral electronic, majestic and awe-inspiring, solo felt piano motif, expanding strings, deep sub and choir pad, builds to a vast final hit, pristine production, 90 BPM | H29: vocals, choir words, EDM drop, dubstep, long fade-out | I29: Instrumental ON. Lyrics field (structure only): [Intro: solo felt piano] [Build: strings enter, low pulse] [Movement: arpeggios, rising] [Swell: choir pad] [Climax: full orchestra and synths] [Outro: piano motif returns] [End] On-screen statements (not sung): Every night, millions create alone. Until now. It listens. It learns. It remembers. Not a tool. A second brain. A companion for every creator. | J29: Not started | K29: Five movements, statements timed to the swells
A30: MA-B | B30: Master · Never live alone | C30: B · music video (song) | D30: 75–90 s | E30: 118 | F30: Same five movements as A, told through one streamer over months: empty room → the first hello from the companion → after-stream reports → the memory ring growing with names and jokes → the city of warm windows. Mixed style deck, voxel/pixel streamer, kinetic lyrics. | G30: anthemic indie pop with cinematic strings, hopeful and uplifting, piano and pulsing synth bass, big drums in the chorus, clear emotive vocal, gang vocals in the final chorus, 118 BPM | H30: heavy reverb, autotune, rap verses, spoken word intro, long instrumental intro | I30: [Intro: piano] [Verse 1] Every night, another window glows Someone streaming to an empty room Says hello to no one there Talks until the chat comes through [Pre-Chorus] Then a little light said hi [Break] [Chorus] Never live alone Somebody's there when you go on Remembers every name Grows with you, stream by stream [Verse 2] After the stream it counts the night Finds the moments, shows you why Months go by, the ring grows wide Every story kept inside [Final Chorus: gang vocals] Never live alone Somebody's there when you go on Remembers every name Grows with you, stream by stream [Outro] Never live alone [End] | J30: Not started | K30: 'Never live alone' is a placeholder tagline until you decide

Sheet Assets
A1: Shared assets
A2: Built once, used by every section. Everything is code-rendered unless the source says otherwise.
A4: Asset | B4: Type | C4: Used by | D4: Source | E4: Depends on | F4: Status | G4: Owner | H4: Due | I4: Notes
A5: Brand palette tokens | B5: Brand | C5: All | D5: Your web design → one palette file | E5: Web design | F5: Not started | I5: Placeholder until the design lands
A6: Fonts (display + mono) | B6: Brand | C6: All | D6: Your web design | E6: Web design | F6: Not started
A7: Logo (SVG) + wordmark | B7: Brand | C7: All | D7: You | F7: Not started
A8: End card | B8: Brand | C8: All | D8: Code | E8: Logo, palette | F8: Not started | I8: Same in every video
A9: Sonic logo (2 s) | B9: Sound | C9: All | D9: Music partner / Suno | F9: Not started | I9: Ends every video
A10: Companion · stage 1 (spark) | B10: Character | C10: All | D10: Code | E10: Palette | F10: Not started | I10: Live app
A11: Companion · stage 2 (memory ring) | B11: Character | C11: Generic, Master | D11: Code | E11: Stage 1 | F11: Not started | I11: Insights
A12: Companion · stage 3 (full form) | B12: Character | C12: Generic, Master | D12: Code | E12: Stage 2 | F12: Not started | I12: Merged companion; mascot art if you have one
A13: Streamer (silhouette, hoodie, headset) | B13: Character | C13: Generic, Master | D13: Code | F13: Not started | I13: No face, so anyone sees themselves
A14: Streamer as pixel / voxel sprite | B14: Character | C14: Stories, Generic B | D14: Code (32×32 or 64×64 sprite) | F14: Not started | I14: No anime or cartoon humans (docs/STYLE_DECK.md)
A15: Style deck shaders (A-tier styles) | B15: Look | C15: All | D15: Code, one file per style | F15: Not started | I15: Built once, reused by every film; see the Style Library tab
A16: Set · streamer’s room | B16: Set | C16: Generic B, Master | D16: Code | F16: Not started | I16: Monitor light, window god rays
A17: Set · planet / city of windows | B17: Set | C17: Generic A, Master A | D17: Code | F17: Not started | I17: Hero shot
A18: Exploded system view | B18: Set | C18: Generic A, Master A | D18: Code | E18: Product structure | F18: Not started | I18: Live → data → Insights → memory
A19: Chat UI (generic, ours) | B19: UI | C19: All | D19: Code | E19: Palette | F19: Not started | I19: Never a real platform’s UI
A20: Product UI screens | B20: UI | C20: Generic, Master | D20: Your web design (stand-ins until then) | E20: Web design | F20: Not started
A21: Story Fisher (n8n) | B21: Pipeline | C21: Stories | D21: n8n workflow JuU4QgIrT1o10zO1 | E21: Brave + PullPush + DeepSeek | F21: In progress | I21: Built; queries being tuned
A22: Songs (one per film) | B22: Sound | C22: Stories, Generic B, Master B | D22: You (Suno / partner) | E22: Approved script | F22: Not started | I22: Written to the approved script
A23: Scores (A versions) | B23: Sound | C23: Generic A, Master A | D23: You (Suno / partner) | E23: Approved script | F23: Not started | I23: Instrumental
A24: Voice-over (optional) | B24: Sound | C24: Generic A, Master A | D24: TBD | E24: Approved script | F24: Not started | I24: Disclose if AI voice
A25: Proof: beta user numbers + quotes | B25: Proof | C25: Generic | D25: Beta users | F25: Not started | I25: No invented numbers

Sheet Style Library
A1: Style library · what we render well
A2: Every film mixes styles: one home style + 3–5 switch styles from tier A, switching on the music. No anime/cartoon humans. Rules: docs/STYLE_DECK.md
A4: Style | B4: Tier | C4: Best for | D4: Characters in it | E4: Hold length | F4: Built? | G4: Notes
A5: Pixel art | B5: A · use freely | C5: Home style for stories; the streamer and chat | D5: Pixel sprites, mascot | E5: Any | F5: Not started | G5: Proven on the Venmar × Quest film
A6: Voxel diorama | B6: A · use freely | C6: Home style; rooms and cities as toys | D6: Voxel sprites, mascot | E6: Any | F6: Not started | G6: Proven: voxel rig + move library exist
A7: CRT / VHS / glitch | B7: A · use freely | C7: Pain moments, flashbacks, the 'cold' look | D7: Any (it filters the frame) | E7: 1–4 bars | F7: Not started
A8: LED dot-matrix | B8: A · use freely | C8: Hooks, numbers, chat messages | D8: Mascot, text | E8: Beats–2 bars | F8: Not started
A9: Terminal / ASCII | B9: A · use freely | C9: The bot's point of view, data | D9: Text, mascot | E9: 1–2 bars | F9: Not started
A10: Blueprint / technical drawing | B10: A · use freely | C10: How it works; Generic A, Master A | D10: Silhouettes, mascot | E10: 2–8 bars | F10: Not started
A11: Engraving / line hatching | B11: A · use freely | C11: Sad or serious stories; majestic A versions | D11: Silhouettes | E11: 2–8 bars | F11: Not started | G11: pdoom's strongest look
A12: Oscilloscope / vector glow | B12: A · use freely | C12: Music-reactive moments, the voice | D12: Lines, mascot | E12: Beats–2 bars | F12: Not started
A13: Newspaper halftone | B13: A · use freely | C13: Headlines, big moments ('RAIDED!') | D13: Silhouettes, text | E13: 1–2 bars | F13: Not started
A14: Papercut (flat layers) | B14: A · use freely | C14: Wholesome stories, warm scenes | D14: Simple shapes, mascot | E14: 2–4 bars | F14: Not started
A15: Stained glass | B15: A · use freely | C15: Triumphant moments | D15: Simple shapes, mascot | E15: 1–2 bars | F15: Not started
A16: Neon line | B16: A · use freely | C16: Night streams, energy | D16: Silhouettes, mascot | E16: 1–4 bars | F16: Not started
A17: Thermal camera | B17: A · use freely | C17: Tension, the 'who is watching' feeling | D17: Silhouettes | E17: 1 bar | F17: Not started
A18: Data / UI / charts | B18: A · use freely | C18: Insights, reports, Generic films | D18: None | E18: Any | F18: Not started | G18: Real UI once the design lands
A19: Kinetic typography | B19: A · use freely | C19: Lyrics, statements, hooks | D19: Text | E19: Any | F19: Not started | G19: Always on top of the other styles
A20: Particles / constellations | B20: A · use freely | C20: Memory, the second brain, the drop | D20: Mascot | E20: 2–8 bars | F20: Not started
A21: Abstract raymarched objects | B21: A · use freely | C21: Majestic A versions, hero shots | D21: None (objects only) | E21: 4–16 bars | F21: Not started | G21: GPU-heavy at 4K
A22: Ukiyo-e waves / patterns | B22: B · short holds / backgrounds | C22: Backgrounds, transitions | D22: No figures | E22: ≤ 1 bar | F22: Not started
A23: Ink wash (abstract) | B23: B · short holds / backgrounds | C23: Transitions, emotion beats | D23: No figures | E23: ≤ 1 bar | F23: Not started
A24: Watercolor washes | B24: B · short holds / backgrounds | C24: Soft backgrounds | D24: No figures | E24: ≤ 2 bars | F24: Not started
A25: Crayon texture | B25: B · short holds / backgrounds | C25: A 'drawn by a kid' flash | D25: Simple shapes only | E25: ≤ 1 bar | F25: Not started
A26: Isometric rooms | B26: B · short holds / backgrounds | C26: Establishing shots | D26: Pixel/voxel only | E26: ≤ 2 bars | F26: Not started
A27: Anime / cartoon humans | B27: C · avoid | C27: — | D27: — | E27: — | F27: N/A | G27: Four attempts failed on the Venmar branch
A28: Realistic faces / photoreal people | B28: C · avoid | C28: — | D28: — | E28: — | F28: N/A | G28: Reads as AI-made

Sheet Effort Levels
A1: Effort levels · what each level costs
A2: Owner rule: level 6 is the minimum for every film. Levels from the medium-lens-film skill (07_quality_levels.md); hours are Opus agent-hours, estimates until ST-01 is calibrated. Blue cells are inputs.
A4: Level | B4: Name | C4: Looks like | D4: Rendering added at this level | E4: Agent-hours | F4: Final render (GPU)
A5: 1 | B5: D | C5: Clean synced motion graphics, one look | D5: Bloom, grain, flash/shake on hits, word-synced type | E5: 3–4 | F5: Minutes (1080p)
A6: 2 | B6: C | C6: Simple 3D lit properly | D6: Soft shadows, ambient occlusion, real materials, depth of field | E6: 4–5 | F6: Low
A7: 3 | B7: C+ | C7: + atmosphere | D7: Fog, god rays, rain on glass, wet reflections, secondary motion | E7: 5–6 | F7: Low–medium
A8: 4 | B8: B | C8: Studio ad; mixed style deck | D8: Bounce light, PBR bloom, flares, lens dirt; 3–5 switch styles + material transitions | E8: 6–7 | F8: Medium
A9: 5 | B9: B+ | C9: Dressed sets | D9: 2 fully dressed environments, lit particles, mosaic of styles | E9: 7–8 | F9: Medium
A10: 6 | B10: A | C10: Cinematic | D10: Volumetric sky/light, 60 fps adaptive motion blur, 1 hero shot | E10: 8–10 | F10: Medium–high
A11: 7 | B11: A+ | C11: Feels shot on film | D11: Film grain, halation, gate weave, grade per shot | E11: 10–11 | F11: High
A12: 8 | B12: S | C12: Directed | D12: Camera choreography per shot, a material transition on every cut, nested pull-back ending | E12: 11–13 | F12: High
A13: 9 | B13: S+ | C13: Simulation | D13: Cloth, smoke/ink, voxel destruction, crowds of chat bubbles, sound design | E13: 13–14 | F13: Very high
A14: 10 | B14: S++ | C14: 《光先到》 / pdoom 4K | D14: Every shot a hero shot, 4K60 path-traced look | E14: 14–16 | F14: Very high (20–60+ GPU-h)
A16: Plan rates (% of a weekly allowance per agent-hour, incl. +30% rework; replace with your own after calibration)
A17: Pro | B17: 0.065
A18: Max 5× | B18: 0.013
A19: Max 20× | B19: 0.0033
A20: Source: medium-lens-film skill, references/07_quality_levels.md (branch claude/zealous-newton-7zpeja). Estimates, not measurements.
A22: Effort by film (first wave)
A23: Film(s) | B23: Section | C23: Level | D23: Count | E23: Hours each | F23: Hours total | G23: Pro weeks | H23: Max 5× weeks | I23: Max 20× weeks | J23: Why this level
A24: ST-01 (first story) | B24: 1 Streamer Stories | C24: 6 · A mixed | D24: 1 | E24: 9 | F24: =D24*E24 -> 9 | G24: =F24*$B$17 -> 0.585 | H24: =F24*$B$18 -> 0.117 | I24: =F24*$B$19 -> 0.0297 | J24: Builds the deck shaders, pixel/voxel streamer, kinetic type, volumetrics and motion blur
A25: ST-02 … ST-08 | B25: 1 Streamer Stories | C25: 6 · A mixed | D25: 7 | E25: 3.5 | F25: =D25*E25 -> 24.5 | G25: =F25*$B$17 -> 1.5925 | H25: =F25*$B$18 -> 0.3185 | I25: =F25*$B$19 -> 0.08085 | J25: Reuses the deck shaders; new story, sets, hero shot, song timing
A26: GN-U1A (first A) | B26: 2 Brand · Generic | C26: 6 · A depth | D26: 1 | E26: 9 | F26: =D26*E26 -> 9 | G26: =F26*$B$17 -> 0.585 | H26: =F26*$B$18 -> 0.117 | I26: =F26*$B$19 -> 0.0297 | J26: Builds the majestic sets: system view, constellations, sky
A27: GN-U2A … U8A | B27: 2 Brand · Generic | C27: 6 · A depth | D27: 7 | E27: 3.5 | F27: =D27*E27 -> 24.5 | G27: =F27*$B$17 -> 1.5925 | H27: =F27*$B$18 -> 0.3185 | I27: =F27*$B$19 -> 0.08085 | J27: Reuses the A sets; new use case
A28: GN-U1B (first B) | B28: 2 Brand · Generic | C28: 6 · A mixed | D28: 1 | E28: 8 | F28: =D28*E28 -> 8 | G28: =F28*$B$17 -> 0.52 | H28: =F28*$B$18 -> 0.104 | I28: =F28*$B$19 -> 0.0264 | J28: Builds the streamer room in pixel/voxel at level 6
A29: GN-U2B … U8B | B29: 2 Brand · Generic | C29: 6 · A mixed | D29: 7 | E29: 3.5 | F29: =D29*E29 -> 24.5 | G29: =F29*$B$17 -> 1.5925 | H29: =F29*$B$18 -> 0.3185 | I29: =F29*$B$19 -> 0.08085 | J29: Reuses the room and the deck
A30: MA-A | B30: 3 Brand · Master | C30: 8 · S depth | D30: 1 | E30: 12 | F30: =D30*E30 -> 12 | G30: =F30*$B$17 -> 0.78 | H30: =F30*$B$18 -> 0.156 | I30: =F30*$B$19 -> 0.0396 | J30: The hero film: camera choreography, nested pull-back
A31: MA-B | B31: 3 Brand · Master | C31: 7 · A+ mixed | D31: 1 | E31: 7 | F31: =D31*E31 -> 7 | G31: =F31*$B$17 -> 0.455 | H31: =F31*$B$18 -> 0.091 | I31: =F31*$B$19 -> 0.0231 | J31: Same beats as A, reuses its assets
A32: Total | D32: =SUM(D24:D31) -> 26 | F32: =SUM(F24:F31) -> 118.5 | G32: =SUM(G24:G31) -> 7.7025 | H32: =SUM(H24:H31) -> 1.5405 | I32: =SUM(I24:I31) -> 0.39105
A33: Weeks = weekly allowances used (1.0 = one full week of that plan). Calibrate on ST-01: note the usage bar before and after, then replace the rates above.
